{"initial_reset_timestamp": 1582828108.8853564, "timestamps": [1582828114.2670684, 1582828116.2612343, 1582828118.2484522, 1582828120.2606187], "episode_lengths": [200, 200, 200, 200], "episode_rewards": [-1494.779541015625, -1397.3936767578125, -1398.711669921875, -1378.6824951171875], "episode_types": ["t", "t", "t", "t"]}